{
    "loss": 8.088949203491211,
    "accuracy": 0.9496402740478516
}