{
    "loss": 4.951983451843262,
    "accuracy": 0.5035971403121948
}